snomed_code,
161898004,
1912002,
213911003,
213912005,
213917004,
213925002,
214436006,
214447004,
242089005,
215633002,
215634008,
215644005,
242182003,
242408008,
216107001,
216131006,
216154002,
216293001,
216302002,
217082002,
217083007,
217084001,
67223001,
217086004,
217088003,
414190009,
217090002,
217092005,
217093000,
217094006,
86591008,
217142006,
83468000,
20902002,
242413007,
217150002,
217154006,
217155007,
217156008,
217157004,
217158009,
33036003,
274918000,
217173005,
415171000000109,
213770003,
391351000000106,
242118006,
472811000000105,
391891000000105,
242387001,
435521000000108,
475151000000109,
386521000000100,
447051000000100,
435171000000103,
422231000000102,
420851000000109,
457591000000103,
407341000000105,
423931000000100,
388321000000105,
407281000000106,
448751000000102,
447041000000103,
386481000000100,
435161000000105,
457651000000105,
404191000000109,
385421000000107,
420961000000101,
392191000000107,
436061000000104,
436311000000103,
388101000000103,
423711000000106,
456781000000105,
423221000000108,
475921000000102,
472361000000102,
391411000000103,
472381000000106,
415251000000106,
456801000000106,
388911000000103,
60594001,
387841000000107,
461541000000109,
477161000000102,
476241000000106,
394471000000106,
394501000000104,
436041000000100,
460361000000109,
436071000000106,
475821000000107,
17886000,
456921000000107,
472451000000107,
422241000000106,
460861000000104,
407101000000105,
423721000000100,
406761000000107,
394651000000104,
476021000000109,
460561000000102,
387701000000103,
476391000000109,
475851000000102,
436221000000102,
475931000000100,
475941000000109,
391391000000103,
456791000000107,
432861000000105,
391421000000109,
403191000000106,
444911000000108,
420261000000106,
403201000000108,
407901000000108,
461551000000107,
449371000000103,
437381000000107,
388921000000109,
407921000000104,
448321000000106,
476251000000109,
394511000000102,
475781000000104,
423161000000107,
406581000000105,
475811000000101,
394521000000108,
387571000000103,
436081000000108,
445011000000108,
395341000000105,
476691000000103,
476701000000103,
475861000000104,
394571000000107,
394581000000109,
436231000000100,
448121000000108,
415211000000107,
420251000000108,
415221000000101,
415231000000104,
391431000000106,
403211000000105,
444921000000102,
415261000000109,
423431000000106,
476191000000106,
477141000000103,
395821000000109,
395831000000106,
2617007,
394801000000101,
436451000000106,
423471000000108,
476261000000107,
448331000000108,
447981000000107,
475791000000102,
475801000000103,
394531000000105,
436051000000102,
14047009,
406591000000107,
394541000000101,
460371000000102,
436091000000105,
432971000000106,
415321000000108,
474701000000105,
436701000000101,
460841000000100,
395021000000100,
408011000000107,
449461000000102,
477241000000108,
408021000000101,
389041000000105,
437631000000104,
461801000000109,
424601000000104,
477431000000103,
437711000000101,
424611000000102,
389201000000104,
449281000000105,
461471000000104,
437281000000103,
395691000000106,
395731000000100,
437311000000100,
449301000000106,
476161000000100,
448301000000102,
436401000000105,
394781000000102,
40104005,
436411000000107,
406731000000102,
448151000000103,
394621000000109,
406741000000106,
387651000000106,
387661000000109,
460501000000101,
475971000000103,
436261000000105,
217773000,
434801000000102,
405191000000105,
474381000000101,
422131000000105,
474621000000107,
405661000000108,
386861000000106,
459491000000106,
435801000000101,
387311000000100,
459871000000105,
225054009,
242078003,
242079006,
242109009,
242111000,
242112007,
242185001,
242227000,
242389003,
242390007,
242391006,
242392004,
242393009,
242394003,
242395002,
242396001,
242398000,
242399008,
242400001,
242401002,
242402009,
242404005,
242405006,
242406007,
242407003,
242414001,
242415000,
242417008,
56307009,
242419006,
242423003,
269699007,
274919008,
279992002,
288296009,
298343000,
298344006,
408561005,
247541000000106,
248451000000109,
294231000000103,
1075011000000102,
391002003,
391092009,
391093004,
391094005,
178674000,
178675004,
178676003,
178677007,
230411000000106,
426243004,
239548003,
178682000,
19688005,
178684004,
178685003,
178686002,
239550006,
178688001,
178689009,
178691001,
178694009,
178695005,
178698007,
311488002,
178702006,
178703001,
275093002,
265721002,
178733008,
178734002,
178736000,
178737009,
178742001,
178743006,
178745004,
760471000000101,
265132005,
239291009,
239284006,
179011007,
239281003,
239285007,
239286008,
239292002,
179035002,
57470004,
311426001,
179067004,
47264000,
708898008,
239288009,
239290005,
179091008,
179097007,
179102005,
239293007,
272300006,
311427005,
179105007,
179159005,
179172006,
179173001,
230841000000109,
202831001,
240198002,
268029009,
270507001,
203442007,
308756007,
308758008,
270508006,
203443002,
203444008,
203445009,
203446005,
203447001,
203448006,
203450003,
203451004,
203452006,
203453001,
308757003,
203454007,
308145001,
311806008,
311890007,
311891006,
443165006,
306171000000106,
439581000000106,
269061001,
207885009,
263178004,
269062008,
28753006,
207886005,
11782000,
207888006,
269063003,
269064009,
207889003,
269065005,
111622009,
52622006,
269066006,
269067002,
87804006,
269068007,
8303001,
269069004,
21573009,
207895002,
207896001,
207897005,
207898000,
207899008,
207900003,
207901004,
207903001,
207904007,
207905008,
207906009,
207907000,
207908005,
207910007,
207912004,
269070003,
263188003,
263189006,
269071004,
207914003,
207915002,
269072006,
269073001,
269075008,
269076009,
269077000,
207922005,
207923000,
207936000,
207938004,
207939007,
207940009,
207941008,
207942001,
207943006,
207944000,
207949005,
207951009,
207955000,
207957008,
207958003,
207959006,
207960001,
207961002,
207962009,
207963004,
207964005,
207965006,
207966007,
207967003,
207970004,
207974008,
207975009,
207976005,
207977001,
207978006,
207979003,
207980000,
766775007,
767262002,
207981001,
125606003,
207983003,
207984009,
207985005,
207986006,
125608002,
125872003,
125871005,
207993005,
42157000,
50448004,
82419009,
263179007,
1734006,
269078005,
207997006,
207998001,
274156000,
8840000,
208000003,
46995009,
208006009,
208007000,
208012004,
208026008,
274157009,
208028009,
208034002,
208037009,
208040009,
208051009,
208054001,
274158004,
208056004,
208060001,
208061002,
208069000,
208076005,
208082008,
208097006,
609411003,
60667009,
45356009,
3291007,
79546008,
39335003,
17633000,
89636007,
20121009,
90863004,
12204004,
208136003,
45910007,
47402002,
69029002,
28081005,
33737001,
1261007,
208164008,
208165009,
208166005,
208168006,
71220005,
208172005,
208173000,
208174006,
36127009,
208210001,
65354004,
125607007,
208215006,
311814002,
311815001,
42636007,
208240004,
208241000,
208242007,
413875004,
208244008,
208245009,
208246005,
275337006,
86844009,
208250003,
208251004,
208253001,
208254007,
208255008,
208256009,
208257000,
127286005,
33192001,
9468002,
208321007,
208316009,
269083002,
17222009,
41036008,
208318005,
50397009,
208325003,
208326002,
263199001,
448838000,
35442005,
88116004,
65966004,
80411001,
208340001,
25529004,
208336005,
208337001,
263205008,
649002,
208344005,
208345006,
849671000000101,
849681000000104,
263208005,
208507009,
208520007,
46866001,
263225007,
5913000,
208521006,
20100009,
359820003,
208523009,
208524003,
1705000,
208526001,
275338001,
208528000,
208529008,
208530003,
208531004,
198741000000106,
208534007,
12746007,
208536009,
263231005,
41191003,
208540000,
208541001,
208542008,
208543003,
208544009,
198751000000109,
275339009,
208548007,
208550004,
208551000,
208552007,
89820008,
208555009,
208557001,
208558006,
208559003,
26938002,
208562000,
263229001,
25415003,
28576007,
208566002,
361119006,
71620000,
208622009,
208892001,
209253005,
209263002,
209264008,
209265009,
209266005,
209273000,
209274006,
209276008,
209283001,
209284007,
209285008,
209292003,
209293008,
209294002,
209334003,
209335002,
209336001,
209337005,
9341001,
312660000,
312661001,
312662008,
210967007,
467461000000102,
402221000000108,
263088001,
123971006,
263226008,
263227004,
263228009,
127287001,
274155001,
275340006,
275343008,
281912006,
281913001,
281922000,
281923005,
281924004,
281932007,
281933002,
301034006,
302034009,
307137009,
313330006,
314667001,
314668006,
179106008,
311428000,
